"Name","EnglishName","TwoLetterISOCountryName","ThreeLetterISOCountryName","ThreeLetterWindowsCountryName","UnicodeFlag"
"AD","Andorra","AD","AND","AND","ğŸ‡¦ğŸ‡©"
"AE","United Arab Emirates","AE","ARE","ARE","ğŸ‡¦ğŸ‡ª"
"AF","Afghanistan","AF","AFG","AFG","ğŸ‡¦ğŸ‡«"
"AG","Antigua & Barbuda","AG","ATG","ATG","ğŸ‡¦ğŸ‡¬"
"AL","Albania","AL","ALB","ALB","ğŸ‡¦ğŸ‡±"
"AM","Armenia","AM","ARM","ARM","ğŸ‡¦ğŸ‡²"
"AO","Angola","AO","AGO","AGO","ğŸ‡¦ğŸ‡´"
"AR","Argentina","AR","ARG","ARG","ğŸ‡¦ğŸ‡·"
"AT","Austria","AT","AUT","AUT","ğŸ‡¦ğŸ‡¹"
"AU","Australia","AU","AUS","AUS","ğŸ‡¦ğŸ‡º"
"AZ","Azerbaijan","AZ","AZE","AZE","ğŸ‡¦ğŸ‡¿"
"BA","Bosnia & Herzegovina","BA","BIH","BIH","ğŸ‡§ğŸ‡¦"
"BB","Barbados","BB","BRB","BRB","ğŸ‡§ğŸ‡§"
"BD","Bangladesh","BD","BGD","BGD","ğŸ‡§ğŸ‡©"
"BE","Belgium","BE","BEL","BEL","ğŸ‡§ğŸ‡ª"
"BF","Burkina Faso","BF","BFA","BFA","ğŸ‡§ğŸ‡«"
"BG","Bulgaria","BG","BGR","BGR","ğŸ‡§ğŸ‡¬"
"BH","Bahrain","BH","BHR","BHR","ğŸ‡§ğŸ‡­"
"BI","Burundi","BI","BDI","BDI","ğŸ‡§ğŸ‡®"
"BJ","Benin","BJ","BEN","BEN","ğŸ‡§ğŸ‡¯"
"BN","Brunei","BN","BRN","BRN","ğŸ‡§ğŸ‡³"
"BO","Bolivia","BO","BOL","BOL","ğŸ‡§ğŸ‡´"
"BR","Brazil","BR","BRA","BRA","ğŸ‡§ğŸ‡·"
"BS","Bahamas","BS","BHS","BHS","ğŸ‡§ğŸ‡¸"
"BT","Bhutan","BT","BTN","BTN","ğŸ‡§ğŸ‡¹"
"BW","Botswana","BW","BWA","BWA","ğŸ‡§ğŸ‡¼"
"BY","Belarus","BY","BLR","BLR","ğŸ‡§ğŸ‡¾"
"BZ","Belize","BZ","BLZ","BLZ","ğŸ‡§ğŸ‡¿"
"CA","Canada","CA","CAN","CAN","ğŸ‡¨ğŸ‡¦"
"CD","Congo (DRC)","CD","COD","COD","ğŸ‡¨ğŸ‡©"
"CF","Central African Republic","CF","CAF","CAF","ğŸ‡¨ğŸ‡«"
"CG","Congo","CG","COG","COG","ğŸ‡¨ğŸ‡¬"
"CH","Switzerland","CH","CHE","CHE","ğŸ‡¨ğŸ‡­"
"CI","CÃ´te dâ€™Ivoire","CI","CIV","CIV","ğŸ‡¨ğŸ‡®"
"CL","Chile","CL","CHL","CHL","ğŸ‡¨ğŸ‡±"
"CM","Cameroon","CM","CMR","CMR","ğŸ‡¨ğŸ‡²"
"CN","China","CN","CHN","CHN","ğŸ‡¨ğŸ‡³"
"CO","Colombia","CO","COL","COL","ğŸ‡¨ğŸ‡´"
"CR","Costa Rica","CR","CRI","CRI","ğŸ‡¨ğŸ‡·"
"CU","Cuba","CU","CUB","CUB","ğŸ‡¨ğŸ‡º"
"CV","Cabo Verde","CV","CPV","CPV","ğŸ‡¨ğŸ‡»"
"CY","Cyprus","CY","CYP","CYP","ğŸ‡¨ğŸ‡¾"
"CZ","Czechia","CZ","CZE","CZE","ğŸ‡¨ğŸ‡¿"
"DE","Germany","DE","DEU","DEU","ğŸ‡©ğŸ‡ª"
"DJ","Djibouti","DJ","DJI","DJI","ğŸ‡©ğŸ‡¯"
"DK","Denmark","DK","DNK","DNK","ğŸ‡©ğŸ‡°"
"DM","Dominica","DM","DMA","DMA","ğŸ‡©ğŸ‡²"
"DO","Dominican Republic","DO","DOM","DOM","ğŸ‡©ğŸ‡´"
"DZ","Algeria","DZ","DZA","DZA","ğŸ‡©ğŸ‡¿"
"EC","Ecuador","EC","ECU","ECU","ğŸ‡ªğŸ‡¨"
"EE","Estonia","EE","EST","EST","ğŸ‡ªğŸ‡ª"
"EG","Egypt","EG","EGY","EGY","ğŸ‡ªğŸ‡¬"
"ER","Eritrea","ER","ERI","ERI","ğŸ‡ªğŸ‡·"
"ES","Spain","ES","ESP","ESP","ğŸ‡ªğŸ‡¸"
"ET","Ethiopia","ET","ETH","ETH","ğŸ‡ªğŸ‡¹"
"FI","Finland","FI","FIN","FIN","ğŸ‡«ğŸ‡®"
"FJ","Fiji","FJ","FJI","FJI","ğŸ‡«ğŸ‡¯"
"FM","Micronesia","FM","FSM","FSM","ğŸ‡«ğŸ‡²"
"FR","France","FR","FRA","FRA","ğŸ‡«ğŸ‡·"
"GA","Gabon","GA","GAB","GAB","ğŸ‡¬ğŸ‡¦"
"GB","United Kingdom","GB","GBR","GBR","ğŸ‡¬ğŸ‡§"
"GD","Grenada","GD","GRD","GRD","ğŸ‡¬ğŸ‡©"
"GE","Georgia","GE","GEO","GEO","ğŸ‡¬ğŸ‡ª"
"GH","Ghana","GH","GHA","GHA","ğŸ‡¬ğŸ‡­"
"GM","Gambia","GM","GMB","GMB","ğŸ‡¬ğŸ‡²"
"GN","Guinea","GN","GIN","GIN","ğŸ‡¬ğŸ‡³"
"GQ","Equatorial Guinea","GQ","GNQ","GNQ","ğŸ‡¬ğŸ‡¶"
"GR","Greece","GR","GRC","GRC","ğŸ‡¬ğŸ‡·"
"GT","Guatemala","GT","GTM","GTM","ğŸ‡¬ğŸ‡¹"
"GW","Guinea-Bissau","GW","GNB","GNB","ğŸ‡¬ğŸ‡¼"
"GY","Guyana","GY","GUY","GUY","ğŸ‡¬ğŸ‡¾"
"HN","Honduras","HN","HND","HND","ğŸ‡­ğŸ‡³"
"HR","Croatia","HR","HRV","HRV","ğŸ‡­ğŸ‡·"
"HT","Haiti","HT","HTI","HTI","ğŸ‡­ğŸ‡¹"
"HU","Hungary","HU","HUN","HUN","ğŸ‡­ğŸ‡º"
"ID","Indonesia","ID","IDN","IDN","ğŸ‡®ğŸ‡©"
"IE","Ireland","IE","IRL","IRL","ğŸ‡®ğŸ‡ª"
"IL","Israel","IL","ISR","ISR","ğŸ‡®ğŸ‡±"
"IN","India","IN","IND","IND","ğŸ‡®ğŸ‡³"
"IQ","Iraq","IQ","IRQ","IRQ","ğŸ‡®ğŸ‡¶"
"IR","Iran","IR","IRN","IRN","ğŸ‡®ğŸ‡·"
"IS","Iceland","IS","ISL","ISL","ğŸ‡®ğŸ‡¸"
"IT","Italy","IT","ITA","ITA","ğŸ‡®ğŸ‡¹"
"JM","Jamaica","JM","JAM","JAM","ğŸ‡¯ğŸ‡²"
"JO","Jordan","JO","JOR","JOR","ğŸ‡¯ğŸ‡´"
"JP","Japan","JP","JPN","JPN","ğŸ‡¯ğŸ‡µ"
"KE","Kenya","KE","KEN","KEN","ğŸ‡°ğŸ‡ª"
"KG","Kyrgyzstan","KG","KGZ","KGZ","ğŸ‡°ğŸ‡¬"
"KH","Cambodia","KH","KHM","KHM","ğŸ‡°ğŸ‡­"
"KI","Kiribati","KI","KIR","KIR","ğŸ‡°ğŸ‡®"
"KM","Comoros","KM","COM","COM","ğŸ‡°ğŸ‡²"
"KN","St. Kitts & Nevis","KN","KNA","KNA","ğŸ‡°ğŸ‡³"
"KP","North Korea","KP","PRK","PRK","ğŸ‡°ğŸ‡µ"
"KR","Korea","KR","KOR","KOR","ğŸ‡°ğŸ‡·"
"KW","Kuwait","KW","KWT","KWT","ğŸ‡°ğŸ‡¼"
"KZ","Kazakhstan","KZ","KAZ","KAZ","ğŸ‡°ğŸ‡¿"
"LA","Laos","LA","LAO","LAO","ğŸ‡±ğŸ‡¦"
"LB","Lebanon","LB","LBN","LBN","ğŸ‡±ğŸ‡§"
"LC","St. Lucia","LC","LCA","LCA","ğŸ‡±ğŸ‡¨"
"LI","Liechtenstein","LI","LIE","LIE","ğŸ‡±ğŸ‡®"
"LK","Sri Lanka","LK","LKA","LKA","ğŸ‡±ğŸ‡°"
"LR","Liberia","LR","LBR","LBR","ğŸ‡±ğŸ‡·"
"LS","Lesotho","LS","LSO","LSO","ğŸ‡±ğŸ‡¸"
"LT","Lithuania","LT","LTU","LTU","ğŸ‡±ğŸ‡¹"
"LU","Luxembourg","LU","LUX","LUX","ğŸ‡±ğŸ‡º"
"LV","Latvia","LV","LVA","LVA","ğŸ‡±ğŸ‡»"
"LY","Libya","LY","LBY","LBY","ğŸ‡±ğŸ‡¾"
"MA","Morocco","MA","MAR","MAR","ğŸ‡²ğŸ‡¦"
"MC","Monaco","MC","MCO","MCO","ğŸ‡²ğŸ‡¨"
"MD","Moldova","MD","MDA","MDA","ğŸ‡²ğŸ‡©"
"ME","Montenegro","ME","MNE","MNE","ğŸ‡²ğŸ‡ª"
"MG","Madagascar","MG","MDG","MDG","ğŸ‡²ğŸ‡¬"
"MH","Marshall Islands","MH","MHL","MHL","ğŸ‡²ğŸ‡­"
"MK","North Macedonia","MK","MKD","MKD","ğŸ‡²ğŸ‡°"
"ML","Mali","ML","MLI","MLI","ğŸ‡²ğŸ‡±"
"MM","Myanmar","MM","MMR","MMR","ğŸ‡²ğŸ‡²"
"MN","Mongolia","MN","MNG","MNG","ğŸ‡²ğŸ‡³"
"MR","Mauritania","MR","MRT","MRT","ğŸ‡²ğŸ‡·"
"MT","Malta","MT","MLT","MLT","ğŸ‡²ğŸ‡¹"
"MU","Mauritius","MU","MUS","MUS","ğŸ‡²ğŸ‡º"
"MV","Maldives","MV","MDV","MDV","ğŸ‡²ğŸ‡»"
"MW","Malawi","MW","MWI","MWI","ğŸ‡²ğŸ‡¼"
"MX","Mexico","MX","MEX","MEX","ğŸ‡²ğŸ‡½"
"MY","Malaysia","MY","MYS","MYS","ğŸ‡²ğŸ‡¾"
"MZ","Mozambique","MZ","MOZ","MOZ","ğŸ‡²ğŸ‡¿"
"NA","Namibia","NA","NAM","NAM","ğŸ‡³ğŸ‡¦"
"NE","Niger","NE","NER","NER","ğŸ‡³ğŸ‡ª"
"NG","Nigeria","NG","NGA","NGA","ğŸ‡³ğŸ‡¬"
"NI","Nicaragua","NI","NIC","NIC","ğŸ‡³ğŸ‡®"
"NL","Netherlands","NL","NLD","NLD","ğŸ‡³ğŸ‡±"
"NO","Norway","NO","NOR","NOR","ğŸ‡³ğŸ‡´"
"NP","Nepal","NP","NPL","NPL","ğŸ‡³ğŸ‡µ"
"NR","Nauru","NR","NRU","NRU","ğŸ‡³ğŸ‡·"
"NZ","New Zealand","NZ","NZL","NZL","ğŸ‡³ğŸ‡¿"
"OM","Oman","OM","OMN","OMN","ğŸ‡´ğŸ‡²"
"PA","Panama","PA","PAN","PAN","ğŸ‡µğŸ‡¦"
"PE","Peru","PE","PER","PER","ğŸ‡µğŸ‡ª"
"PG","Papua New Guinea","PG","PNG","PNG","ğŸ‡µğŸ‡¬"
"PH","Philippines","PH","PHL","PHL","ğŸ‡µğŸ‡­"
"PK","Pakistan","PK","PAK","PAK","ğŸ‡µğŸ‡°"
"PL","Poland","PL","POL","POL","ğŸ‡µğŸ‡±"
"PS","Palestinian Authority","PS","PSE","PSE","ğŸ‡µğŸ‡¸"
"PT","Portugal","PT","PRT","PRT","ğŸ‡µğŸ‡¹"
"PW","Palau","PW","PLW","PLW","ğŸ‡µğŸ‡¼"
"PY","Paraguay","PY","PRY","PRY","ğŸ‡µğŸ‡¾"
"QA","Qatar","QA","QAT","QAT","ğŸ‡¶ğŸ‡¦"
"RO","Romania","RO","ROU","ROU","ğŸ‡·ğŸ‡´"
"RS","Serbia","RS","SRB","SRB","ğŸ‡·ğŸ‡¸"
"RU","Russia","RU","RUS","RUS","ğŸ‡·ğŸ‡º"
"RW","Rwanda","RW","RWA","RWA","ğŸ‡·ğŸ‡¼"
"SA","Saudi Arabia","SA","SAU","SAU","ğŸ‡¸ğŸ‡¦"
"SB","Solomon Islands","SB","SLB","SLB","ğŸ‡¸ğŸ‡§"
"SC","Seychelles","SC","SYC","SYC","ğŸ‡¸ğŸ‡¨"
"SD","Sudan","SD","SDN","SDN","ğŸ‡¸ğŸ‡©"
"SE","Sweden","SE","SWE","SWE","ğŸ‡¸ğŸ‡ª"
"SG","Singapore","SG","SGP","SGP","ğŸ‡¸ğŸ‡¬"
"SI","Slovenia","SI","SVN","SVN","ğŸ‡¸ğŸ‡®"
"SK","Slovakia","SK","SVK","SVK","ğŸ‡¸ğŸ‡°"
"SL","Sierra Leone","SL","SLE","SLE","ğŸ‡¸ğŸ‡±"
"SM","San Marino","SM","SMR","SMR","ğŸ‡¸ğŸ‡²"
"SN","Senegal","SN","SEN","SEN","ğŸ‡¸ğŸ‡³"
"SO","Somalia","SO","SOM","SOM","ğŸ‡¸ğŸ‡´"
"SR","Suriname","SR","SUR","SUR","ğŸ‡¸ğŸ‡·"
"SS","South Sudan","SS","SSD","SSD","ğŸ‡¸ğŸ‡¸"
"ST","SÃ£o TomÃ© & PrÃ­ncipe","ST","STP","STP","ğŸ‡¸ğŸ‡¹"
"SV","El Salvador","SV","SLV","SLV","ğŸ‡¸ğŸ‡»"
"SY","Syria","SY","SYR","SYR","ğŸ‡¸ğŸ‡¾"
"SZ","Eswatini","SZ","SWZ","SWZ","ğŸ‡¸ğŸ‡¿"
"TD","Chad","TD","TCD","TCD","ğŸ‡¹ğŸ‡©"
"TG","Togo","TG","TGO","TGO","ğŸ‡¹ğŸ‡¬"
"TH","Thailand","TH","THA","THA","ğŸ‡¹ğŸ‡­"
"TJ","Tajikistan","TJ","TJK","TJK","ğŸ‡¹ğŸ‡¯"
"TL","Timor-Leste","TL","TLS","TLS","ğŸ‡¹ğŸ‡±"
"TM","Turkmenistan","TM","TKM","TKM","ğŸ‡¹ğŸ‡²"
"TN","Tunisia","TN","TUN","TUN","ğŸ‡¹ğŸ‡³"
"TO","Tonga","TO","TON","TON","ğŸ‡¹ğŸ‡´"
"TR","Turkey","TR","TUR","TUR","ğŸ‡¹ğŸ‡·"
"TT","Trinidad & Tobago","TT","TTO","TTO","ğŸ‡¹ğŸ‡¹"
"TV","Tuvalu","TV","TUV","TUV","ğŸ‡¹ğŸ‡»"
"TW","Taiwan","TW","TWN","TWN","ğŸ‡¹ğŸ‡¼"
"TZ","Tanzania","TZ","TZA","TZA","ğŸ‡¹ğŸ‡¿"
"UA","Ukraine","UA","UKR","UKR","ğŸ‡ºğŸ‡¦"
"UG","Uganda","UG","UGA","UGA","ğŸ‡ºğŸ‡¬"
"US","United States","US","USA","USA","ğŸ‡ºğŸ‡¸"
"UY","Uruguay","UY","URY","URY","ğŸ‡ºğŸ‡¾"
"UZ","Uzbekistan","UZ","UZB","UZB","ğŸ‡ºğŸ‡¿"
"VA","Vatican City","VA","VAT","VAT","ğŸ‡»ğŸ‡¦"
"VC","St. Vincent & Grenadines","VC","VCT","VCT","ğŸ‡»ğŸ‡¨"
"VE","Venezuela","VE","VEN","VEN","ğŸ‡»ğŸ‡ª"
"VN","Vietnam","VN","VNM","VNM","ğŸ‡»ğŸ‡³"
"VU","Vanuatu","VU","VUT","VUT","ğŸ‡»ğŸ‡º"
"WS","Samoa","WS","WSM","WSM","ğŸ‡¼ğŸ‡¸"
"XK","Kosovo","XK",,,"ğŸ‡½ğŸ‡°"
"YE","Yemen","YE","YEM","YEM","ğŸ‡¾ğŸ‡ª"
"ZA","South Africa","ZA","ZAF","ZAF","ğŸ‡¿ğŸ‡¦"
"ZM","Zambia","ZM","ZMB","ZMB","ğŸ‡¿ğŸ‡²"
"ZW","Zimbabwe","ZW","ZWE","ZWE","ğŸ‡¿ğŸ‡¼"
