"Name","Parent","EnglishName","TwoLetterISORegionName","ThreeLetterISORegionName","M49","ThreeLetterWindowsRegionName","UnicodeFlag"
"001",,"World",,,"001",,"ğŸ‡ºğŸ‡³"
"150","001","Europe",,,"150",,"ğŸ‡ªğŸ‡º"
"419","019","Latin America and the Caribbean",,,"419",,
"AD","039","Andorra","AD","AND","020","AND","ğŸ‡¦ğŸ‡©"
"AE","145","United Arab Emirates","AE","ARE","784","ARE","ğŸ‡¦ğŸ‡ª"
"AF","034","Afghanistan","AF","AFG","004","AFG","ğŸ‡¦ğŸ‡«"
"AG","029","Antigua & Barbuda","AG","ATG","028","ATG","ğŸ‡¦ğŸ‡¬"
"AI","029","Anguilla","AI","AIA","660","AIA","ğŸ‡¦ğŸ‡®"
"AL","039","Albania","AL","ALB","008","ALB","ğŸ‡¦ğŸ‡±"
"AM","145","Armenia","AM","ARM","051","ARM","ğŸ‡¦ğŸ‡²"
"AO","017","Angola","AO","AGO","024","AGO","ğŸ‡¦ğŸ‡´"
"AR","005","Argentina","AR","ARG","032","ARG","ğŸ‡¦ğŸ‡·"
"AS","061","American Samoa","AS","ASM","016","ASM","ğŸ‡¦ğŸ‡¸"
"AT","155","Austria","AT","AUT","040","AUT","ğŸ‡¦ğŸ‡¹"
"AU","053","Australia","AU","AUS","036","AUS","ğŸ‡¦ğŸ‡º"
"AW","029","Aruba","AW","ABW","533","ABW","ğŸ‡¦ğŸ‡¼"
"AX","154","Ã…land Islands","AX","ALA","248","ALA","ğŸ‡¦ğŸ‡½"
"AZ","145","Azerbaijan","AZ","AZE","031","AZE","ğŸ‡¦ğŸ‡¿"
"BA","039","Bosnia & Herzegovina","BA","BIH","070","BIH","ğŸ‡§ğŸ‡¦"
"BB","029","Barbados","BB","BRB","052","BRB","ğŸ‡§ğŸ‡§"
"BD","034","Bangladesh","BD","BGD","050","BGD","ğŸ‡§ğŸ‡©"
"BE","155","Belgium","BE","BEL","056","BEL","ğŸ‡§ğŸ‡ª"
"BF","011","Burkina Faso","BF","BFA","854","BFA","ğŸ‡§ğŸ‡«"
"BG","151","Bulgaria","BG","BGR","100","BGR","ğŸ‡§ğŸ‡¬"
"BH","145","Bahrain","BH","BHR","048","BHR","ğŸ‡§ğŸ‡­"
"BI","014","Burundi","BI","BDI","108","BDI","ğŸ‡§ğŸ‡®"
"BJ","011","Benin","BJ","BEN","204","BEN","ğŸ‡§ğŸ‡¯"
"BL","029","St. BarthÃ©lemy","BL","BLM","652","BLM","ğŸ‡§ğŸ‡±"
"BM","021","Bermuda","BM","BMU","060","BMU","ğŸ‡§ğŸ‡²"
"BN","035","Brunei","BN","BRN","096","BRN","ğŸ‡§ğŸ‡³"
"BO","005","Bolivia","BO","BOL","068","BOL","ğŸ‡§ğŸ‡´"
"BQ","029","Bonaire, Sint Eustatius and Saba","BQ","BES","535","BES","ğŸ‡§ğŸ‡¶"
"BR","005","Brazil","BR","BRA","076","BRA","ğŸ‡§ğŸ‡·"
"BS","029","Bahamas","BS","BHS","044","BHS","ğŸ‡§ğŸ‡¸"
"BT","034","Bhutan","BT","BTN","064","BTN","ğŸ‡§ğŸ‡¹"
"BW","018","Botswana","BW","BWA","072","BWA","ğŸ‡§ğŸ‡¼"
"BY","151","Belarus","BY","BLR","112","BLR","ğŸ‡§ğŸ‡¾"
"BZ","013","Belize","BZ","BLZ","084","BLZ","ğŸ‡§ğŸ‡¿"
"CA","021","Canada","CA","CAN","124","CAN","ğŸ‡¨ğŸ‡¦"
"CC","053","Cocos (Keeling) Islands","CC","CCK","166","CCK","ğŸ‡¨ğŸ‡¨"
"CD","017","Congo (DRC)","CD","COD","180","COD","ğŸ‡¨ğŸ‡©"
"CF","017","Central African Republic","CF","CAF","140","CAF","ğŸ‡¨ğŸ‡«"
"CG","017","Congo","CG","COG","178","COG","ğŸ‡¨ğŸ‡¬"
"CH","155","Switzerland","CH","CHE","756","CHE","ğŸ‡¨ğŸ‡­"
"CI","011","CÃ´te dâ€™Ivoire","CI","CIV","384","CIV","ğŸ‡¨ğŸ‡®"
"CK","061","Cook Islands","CK","COK","184","COK","ğŸ‡¨ğŸ‡°"
"CL","005","Chile","CL","CHL","152","CHL","ğŸ‡¨ğŸ‡±"
"CM","017","Cameroon","CM","CMR","120","CMR","ğŸ‡¨ğŸ‡²"
"CN","030","China","CN","CHN","156","CHN","ğŸ‡¨ğŸ‡³"
"CO","005","Colombia","CO","COL","170","COL","ğŸ‡¨ğŸ‡´"
"CR","013","Costa Rica","CR","CRI","188","CRI","ğŸ‡¨ğŸ‡·"
"CU","029","Cuba","CU","CUB","192","CUB","ğŸ‡¨ğŸ‡º"
"CV","011","Cabo Verde","CV","CPV","132","CPV","ğŸ‡¨ğŸ‡»"
"CW","029","CuraÃ§ao","CW","CUW","531","CUW","ğŸ‡¨ğŸ‡¼"
"CX","053","Christmas Island","CX","CXR","162","CXR","ğŸ‡¨ğŸ‡½"
"CY","145","Cyprus","CY","CYP","196","CYP","ğŸ‡¨ğŸ‡¾"
"CZ","151","Czechia","CZ","CZE","203","CZE","ğŸ‡¨ğŸ‡¿"
"DE","155","Germany","DE","DEU","276","DEU","ğŸ‡©ğŸ‡ª"
"DJ","014","Djibouti","DJ","DJI","262","DJI","ğŸ‡©ğŸ‡¯"
"DK","154","Denmark","DK","DNK","208","DNK","ğŸ‡©ğŸ‡°"
"DM","029","Dominica","DM","DMA","212","DMA","ğŸ‡©ğŸ‡²"
"DO","029","Dominican Republic","DO","DOM","214","DOM","ğŸ‡©ğŸ‡´"
"DZ","015","Algeria","DZ","DZA","012","DZA","ğŸ‡©ğŸ‡¿"
"EC","005","Ecuador","EC","ECU","218","ECU","ğŸ‡ªğŸ‡¨"
"EE","154","Estonia","EE","EST","233","EST","ğŸ‡ªğŸ‡ª"
"EG","015","Egypt","EG","EGY","818","EGY","ğŸ‡ªğŸ‡¬"
"ER","014","Eritrea","ER","ERI","232","ERI","ğŸ‡ªğŸ‡·"
"ES","039","Spain","ES","ESP","724","ESP","ğŸ‡ªğŸ‡¸"
"ET","014","Ethiopia","ET","ETH","231","ETH","ğŸ‡ªğŸ‡¹"
"FI","154","Finland","FI","FIN","246","FIN","ğŸ‡«ğŸ‡®"
"FJ","054","Fiji","FJ","FJI","242","FJI","ğŸ‡«ğŸ‡¯"
"FK","005","Falkland Islands","FK","FLK","238","FLK","ğŸ‡«ğŸ‡°"
"FM","057","Micronesia","FM","FSM","583","FSM","ğŸ‡«ğŸ‡²"
"FO","154","Faroe Islands","FO","FRO","234","FRO","ğŸ‡«ğŸ‡´"
"FR","155","France","FR","FRA","250","FRA","ğŸ‡«ğŸ‡·"
"GA","017","Gabon","GA","GAB","266","GAB","ğŸ‡¬ğŸ‡¦"
"GB","154","United Kingdom","GB","GBR","826","GBR","ğŸ‡¬ğŸ‡§"
"GD","029","Grenada","GD","GRD","308","GRD","ğŸ‡¬ğŸ‡©"
"GE","145","Georgia","GE","GEO","268","GEO","ğŸ‡¬ğŸ‡ª"
"GF","005","French Guiana","GF","GUF","254","GUF","ğŸ‡¬ğŸ‡«"
"GG","830","Guernsey","GG","GGY","831","GGY","ğŸ‡¬ğŸ‡¬"
"GH","011","Ghana","GH","GHA","288","GHA","ğŸ‡¬ğŸ‡­"
"GI","039","Gibraltar","GI","GIB","292","GIB","ğŸ‡¬ğŸ‡®"
"GL","021","Greenland","GL","GRL","304","GRL","ğŸ‡¬ğŸ‡±"
"GM","011","Gambia","GM","GMB","270","GMB","ğŸ‡¬ğŸ‡²"
"GN","011","Guinea","GN","GIN","324","GIN","ğŸ‡¬ğŸ‡³"
"GP","029","Guadeloupe","GP","GLP","312","GLP","ğŸ‡¬ğŸ‡µ"
"GQ","017","Equatorial Guinea","GQ","GNQ","226","GNQ","ğŸ‡¬ğŸ‡¶"
"GR","039","Greece","GR","GRC","300","GRC","ğŸ‡¬ğŸ‡·"
"GT","013","Guatemala","GT","GTM","320","GTM","ğŸ‡¬ğŸ‡¹"
"GU","057","Guam","GU","GUM","316","GUM","ğŸ‡¬ğŸ‡º"
"GW","011","Guinea-Bissau","GW","GNB","624","GNB","ğŸ‡¬ğŸ‡¼"
"GY","005","Guyana","GY","GUY","328","GUY","ğŸ‡¬ğŸ‡¾"
"HK","030","Hong Kong SAR","HK","HKG","344","HKG","ğŸ‡­ğŸ‡°"
"HN","013","Honduras","HN","HND","340","HND","ğŸ‡­ğŸ‡³"
"HR","039","Croatia","HR","HRV","191","HRV","ğŸ‡­ğŸ‡·"
"HT","029","Haiti","HT","HTI","332","HTI","ğŸ‡­ğŸ‡¹"
"HU","151","Hungary","HU","HUN","348","HUN","ğŸ‡­ğŸ‡º"
"ID","035","Indonesia","ID","IDN","360","IDN","ğŸ‡®ğŸ‡©"
"IE","154","Ireland","IE","IRL","372","IRL","ğŸ‡®ğŸ‡ª"
"IL","145","Israel","IL","ISR","376","ISR","ğŸ‡®ğŸ‡±"
"IM","154","Isle of Man","IM","IMN","833","IMN","ğŸ‡®ğŸ‡²"
"IN","034","India","IN","IND","356","IND","ğŸ‡®ğŸ‡³"
"IO","014","British Indian Ocean Territory","IO","IOT","086","IOT","ğŸ‡®ğŸ‡´"
"IQ","145","Iraq","IQ","IRQ","368","IRQ","ğŸ‡®ğŸ‡¶"
"IR","034","Iran","IR","IRN","364","IRN","ğŸ‡®ğŸ‡·"
"IS","154","Iceland","IS","ISL","352","ISL","ğŸ‡®ğŸ‡¸"
"IT","039","Italy","IT","ITA","380","ITA","ğŸ‡®ğŸ‡¹"
"JE","830","Jersey","JE","JEY","832","JEY","ğŸ‡¯ğŸ‡ª"
"JM","029","Jamaica","JM","JAM","388","JAM","ğŸ‡¯ğŸ‡²"
"JO","145","Jordan","JO","JOR","400","JOR","ğŸ‡¯ğŸ‡´"
"JP","030","Japan","JP","JPN","392","JPN","ğŸ‡¯ğŸ‡µ"
"KE","014","Kenya","KE","KEN","404","KEN","ğŸ‡°ğŸ‡ª"
"KG","143","Kyrgyzstan","KG","KGZ","417","KGZ","ğŸ‡°ğŸ‡¬"
"KH","035","Cambodia","KH","KHM","116","KHM","ğŸ‡°ğŸ‡­"
"KI","057","Kiribati","KI","KIR","296","KIR","ğŸ‡°ğŸ‡®"
"KM","014","Comoros","KM","COM","174","COM","ğŸ‡°ğŸ‡²"
"KN","029","St. Kitts & Nevis","KN","KNA","659","KNA","ğŸ‡°ğŸ‡³"
"KP","030","North Korea","KP","PRK","408","PRK","ğŸ‡°ğŸ‡µ"
"KR","030","Korea","KR","KOR","410","KOR","ğŸ‡°ğŸ‡·"
"KW","145","Kuwait","KW","KWT","414","KWT","ğŸ‡°ğŸ‡¼"
"KY","029","Cayman Islands","KY","CYM","136","CYM","ğŸ‡°ğŸ‡¾"
"KZ","143","Kazakhstan","KZ","KAZ","398","KAZ","ğŸ‡°ğŸ‡¿"
"LA","035","Laos","LA","LAO","418","LAO","ğŸ‡±ğŸ‡¦"
"LB","145","Lebanon","LB","LBN","422","LBN","ğŸ‡±ğŸ‡§"
"LC","029","St. Lucia","LC","LCA","662","LCA","ğŸ‡±ğŸ‡¨"
"LI","155","Liechtenstein","LI","LIE","438","LIE","ğŸ‡±ğŸ‡®"
"LK","034","Sri Lanka","LK","LKA","144","LKA","ğŸ‡±ğŸ‡°"
"LR","011","Liberia","LR","LBR","430","LBR","ğŸ‡±ğŸ‡·"
"LS","018","Lesotho","LS","LSO","426","LSO","ğŸ‡±ğŸ‡¸"
"LT","154","Lithuania","LT","LTU","440","LTU","ğŸ‡±ğŸ‡¹"
"LU","155","Luxembourg","LU","LUX","442","LUX","ğŸ‡±ğŸ‡º"
"LV","154","Latvia","LV","LVA","428","LVA","ğŸ‡±ğŸ‡»"
"LY","015","Libya","LY","LBY","434","LBY","ğŸ‡±ğŸ‡¾"
"MA","015","Morocco","MA","MAR","504","MAR","ğŸ‡²ğŸ‡¦"
"MC","155","Monaco","MC","MCO","492","MCO","ğŸ‡²ğŸ‡¨"
"MD","151","Moldova","MD","MDA","498","MDA","ğŸ‡²ğŸ‡©"
"ME","039","Montenegro","ME","MNE","499","MNE","ğŸ‡²ğŸ‡ª"
"MF","029","St. Martin","MF","MAF","663","MAF","ğŸ‡²ğŸ‡«"
"MG","014","Madagascar","MG","MDG","450","MDG","ğŸ‡²ğŸ‡¬"
"MH","057","Marshall Islands","MH","MHL","584","MHL","ğŸ‡²ğŸ‡­"
"MK","039","North Macedonia","MK","MKD","807","MKD","ğŸ‡²ğŸ‡°"
"ML","011","Mali","ML","MLI","466","MLI","ğŸ‡²ğŸ‡±"
"MM","035","Myanmar","MM","MMR","104","MMR","ğŸ‡²ğŸ‡²"
"MN","030","Mongolia","MN","MNG","496","MNG","ğŸ‡²ğŸ‡³"
"MO","030","Macao SAR","MO","MAC","446","MAC","ğŸ‡²ğŸ‡´"
"MP","057","Northern Mariana Islands","MP","MNP","580","MNP","ğŸ‡²ğŸ‡µ"
"MQ","029","Martinique","MQ","MTQ","474","MTQ","ğŸ‡²ğŸ‡¶"
"MR","011","Mauritania","MR","MRT","478","MRT","ğŸ‡²ğŸ‡·"
"MS","029","Montserrat","MS","MSR","500","MSR","ğŸ‡²ğŸ‡¸"
"MT","039","Malta","MT","MLT","470","MLT","ğŸ‡²ğŸ‡¹"
"MU","014","Mauritius","MU","MUS","480","MUS","ğŸ‡²ğŸ‡º"
"MV","034","Maldives","MV","MDV","462","MDV","ğŸ‡²ğŸ‡»"
"MW","014","Malawi","MW","MWI","454","MWI","ğŸ‡²ğŸ‡¼"
"MX","013","Mexico","MX","MEX","484","MEX","ğŸ‡²ğŸ‡½"
"MY","035","Malaysia","MY","MYS","458","MYS","ğŸ‡²ğŸ‡¾"
"MZ","014","Mozambique","MZ","MOZ","508","MOZ","ğŸ‡²ğŸ‡¿"
"NA","018","Namibia","NA","NAM","516","NAM","ğŸ‡³ğŸ‡¦"
"NC","054","New Caledonia","NC","NCL","540","NCL","ğŸ‡³ğŸ‡¨"
"NE","011","Niger","NE","NER","562","NER","ğŸ‡³ğŸ‡ª"
"NF","053","Norfolk Island","NF","NFK","574","NFK","ğŸ‡³ğŸ‡«"
"NG","011","Nigeria","NG","NGA","566","NGA","ğŸ‡³ğŸ‡¬"
"NI","013","Nicaragua","NI","NIC","558","NIC","ğŸ‡³ğŸ‡®"
"NL","155","Netherlands","NL","NLD","528","NLD","ğŸ‡³ğŸ‡±"
"NO","154","Norway","NO","NOR","578","NOR","ğŸ‡³ğŸ‡´"
"NP","034","Nepal","NP","NPL","524","NPL","ğŸ‡³ğŸ‡µ"
"NR","057","Nauru","NR","NRU","520","NRU","ğŸ‡³ğŸ‡·"
"NU","061","Niue","NU","NIU","570","NIU","ğŸ‡³ğŸ‡º"
"NZ","053","New Zealand","NZ","NZL","554","NZL","ğŸ‡³ğŸ‡¿"
"OM","145","Oman","OM","OMN","512","OMN","ğŸ‡´ğŸ‡²"
"PA","013","Panama","PA","PAN","591","PAN","ğŸ‡µğŸ‡¦"
"PE","005","Peru","PE","PER","604","PER","ğŸ‡µğŸ‡ª"
"PF","061","French Polynesia","PF","PYF","258","PYF","ğŸ‡µğŸ‡«"
"PG","054","Papua New Guinea","PG","PNG","598","PNG","ğŸ‡µğŸ‡¬"
"PH","035","Philippines","PH","PHL","608","PHL","ğŸ‡µğŸ‡­"
"PK","034","Pakistan","PK","PAK","586","PAK","ğŸ‡µğŸ‡°"
"PL","151","Poland","PL","POL","616","POL","ğŸ‡µğŸ‡±"
"PM","021","St. Pierre & Miquelon","PM","SPM","666","SPM","ğŸ‡µğŸ‡²"
"PN","061","Pitcairn Islands","PN","PCN","612","PCN","ğŸ‡µğŸ‡³"
"PR","029","Puerto Rico","PR","PRI","630","PRI","ğŸ‡µğŸ‡·"
"PS","145","Palestinian Authority","PS","PSE","275","PSE","ğŸ‡µğŸ‡¸"
"PT","039","Portugal","PT","PRT","620","PRT","ğŸ‡µğŸ‡¹"
"PW","057","Palau","PW","PLW","585","PLW","ğŸ‡µğŸ‡¼"
"PY","005","Paraguay","PY","PRY","600","PRY","ğŸ‡µğŸ‡¾"
"QA","145","Qatar","QA","QAT","634","QAT","ğŸ‡¶ğŸ‡¦"
"RE","014","RÃ©union","RE","REU","638","REU","ğŸ‡·ğŸ‡ª"
"RO","151","Romania","RO","ROU","642","ROU","ğŸ‡·ğŸ‡´"
"RS","039","Serbia","RS","SRB","688","SRB","ğŸ‡·ğŸ‡¸"
"RU","151","Russia","RU","RUS","643","RUS","ğŸ‡·ğŸ‡º"
"RW","014","Rwanda","RW","RWA","646","RWA","ğŸ‡·ğŸ‡¼"
"SA","145","Saudi Arabia","SA","SAU","682","SAU","ğŸ‡¸ğŸ‡¦"
"SB","054","Solomon Islands","SB","SLB","090","SLB","ğŸ‡¸ğŸ‡§"
"SC","014","Seychelles","SC","SYC","690","SYC","ğŸ‡¸ğŸ‡¨"
"SD","015","Sudan","SD","SDN","729","SDN","ğŸ‡¸ğŸ‡©"
"SE","154","Sweden","SE","SWE","752","SWE","ğŸ‡¸ğŸ‡ª"
"SG","035","Singapore","SG","SGP","702","SGP","ğŸ‡¸ğŸ‡¬"
"SH","011","St Helena, Ascension, Tristan da Cunha","SH","SHN","654","SHN","ğŸ‡¸ğŸ‡­"
"SI","039","Slovenia","SI","SVN","705","SVN","ğŸ‡¸ğŸ‡®"
"SJ","154","Svalbard & Jan Mayen","SJ","SJM","744","SJM","ğŸ‡¸ğŸ‡¯"
"SK","151","Slovakia","SK","SVK","703","SVK","ğŸ‡¸ğŸ‡°"
"SL","011","Sierra Leone","SL","SLE","694","SLE","ğŸ‡¸ğŸ‡±"
"SM","039","San Marino","SM","SMR","674","SMR","ğŸ‡¸ğŸ‡²"
"SN","011","Senegal","SN","SEN","686","SEN","ğŸ‡¸ğŸ‡³"
"SO","014","Somalia","SO","SOM","706","SOM","ğŸ‡¸ğŸ‡´"
"SR","005","Suriname","SR","SUR","740","SUR","ğŸ‡¸ğŸ‡·"
"SS","014","South Sudan","SS","SSD","728","SSD","ğŸ‡¸ğŸ‡¸"
"ST","017","SÃ£o TomÃ© & PrÃ­ncipe","ST","STP","678","STP","ğŸ‡¸ğŸ‡¹"
"SV","013","El Salvador","SV","SLV","222","SLV","ğŸ‡¸ğŸ‡»"
"SX","029","Sint Maarten","SX","SXM","534","SXM","ğŸ‡¸ğŸ‡½"
"SY","145","Syria","SY","SYR","760","SYR","ğŸ‡¸ğŸ‡¾"
"SZ","018","Eswatini","SZ","SWZ","748","SWZ","ğŸ‡¸ğŸ‡¿"
"TC","029","Turks & Caicos Islands","TC","TCA","796","TCA","ğŸ‡¹ğŸ‡¨"
"TD","017","Chad","TD","TCD","148","TCD","ğŸ‡¹ğŸ‡©"
"TG","011","Togo","TG","TGO","768","TGO","ğŸ‡¹ğŸ‡¬"
"TH","035","Thailand","TH","THA","764","THA","ğŸ‡¹ğŸ‡­"
"TJ","143","Tajikistan","TJ","TJK","762","TJK","ğŸ‡¹ğŸ‡¯"
"TK","061","Tokelau","TK","TKL","772","TKL","ğŸ‡¹ğŸ‡°"
"TL","035","Timor-Leste","TL","TLS","626","TLS","ğŸ‡¹ğŸ‡±"
"TM","143","Turkmenistan","TM","TKM","795","TKM","ğŸ‡¹ğŸ‡²"
"TN","015","Tunisia","TN","TUN","788","TUN","ğŸ‡¹ğŸ‡³"
"TO","061","Tonga","TO","TON","776","TON","ğŸ‡¹ğŸ‡´"
"TR","145","Turkey","TR","TUR","792","TUR","ğŸ‡¹ğŸ‡·"
"TT","029","Trinidad & Tobago","TT","TTO","780","TTO","ğŸ‡¹ğŸ‡¹"
"TV","061","Tuvalu","TV","TUV","798","TUV","ğŸ‡¹ğŸ‡»"
"TW",030,"Taiwan","TW","TWN",,"TWN","ğŸ‡¹ğŸ‡¼"
"TZ","014","Tanzania","TZ","TZA","834","TZA","ğŸ‡¹ğŸ‡¿"
"UA","151","Ukraine","UA","UKR","804","UKR","ğŸ‡ºğŸ‡¦"
"UG","014","Uganda","UG","UGA","800","UGA","ğŸ‡ºğŸ‡¬"
"UM","057","U.S. Outlying Islands","UM","UMI","581","UMI","ğŸ‡ºğŸ‡²"
"US","021","United States","US","USA","840","USA","ğŸ‡ºğŸ‡¸"
"UY","005","Uruguay","UY","URY","858","URY","ğŸ‡ºğŸ‡¾"
"UZ","143","Uzbekistan","UZ","UZB","860","UZB","ğŸ‡ºğŸ‡¿"
"VA","039","Vatican City","VA","VAT","336","VAT","ğŸ‡»ğŸ‡¦"
"VC","029","St. Vincent & Grenadines","VC","VCT","670","VCT","ğŸ‡»ğŸ‡¨"
"VE","005","Venezuela","VE","VEN","862","VEN","ğŸ‡»ğŸ‡ª"
"VG","029","British Virgin Islands","VG","VGB","092","VGB","ğŸ‡»ğŸ‡¬"
"VI","029","U.S. Virgin Islands","VI","VIR","850","VIR","ğŸ‡»ğŸ‡®"
"VN","035","Vietnam","VN","VNM","704","VNM","ğŸ‡»ğŸ‡³"
"VU","054","Vanuatu","VU","VUT","548","VUT","ğŸ‡»ğŸ‡º"
"WF","061","Wallis & Futuna","WF","WLF","876","WLF","ğŸ‡¼ğŸ‡«"
"WS","061","Samoa","WS","WSM","882","WSM","ğŸ‡¼ğŸ‡¸"
"XK",039,"Kosovo","XK",,,,"ğŸ‡½ğŸ‡°"
"YE","145","Yemen","YE","YEM","887","YEM","ğŸ‡¾ğŸ‡ª"
"YT","014","Mayotte","YT","MYT","175","MYT","ğŸ‡¾ğŸ‡¹"
"ZA","018","South Africa","ZA","ZAF","710","ZAF","ğŸ‡¿ğŸ‡¦"
"ZM","014","Zambia","ZM","ZMB","894","ZMB","ğŸ‡¿ğŸ‡²"
"ZW","014","Zimbabwe","ZW","ZWE","716","ZWE","ğŸ‡¿ğŸ‡¼"
"002","001","Africa",,,"002",,
"009","001","Oceania",,,"009",,
"019","001","Americas",,,"019",,
"142","001","Asia",,,"142",,
"015","002","Northern Africa",,,"015",,
"021","019","Northern America",,,"021",,
"030","142","Eastern Asia",,,"030",,
"034","142","Southern Asia",,,"034",,
"035","142","South-eastern Asia",,,"035",,
"039","150","Southern Europe",,,"039",,
"053","009","Australia and New Zealand",,,"053",,
"054","009","Melanesia",,,"054",,
"057","009","Micronesia",,,"057",,
"061","009","Polynesia",,,"061",,
"143","142","Central Asia",,,"143",,
"145","142","Western Asia",,,"145",,
"151","150","Eastern Europe",,,"151",,
"154","150","Northern Europe",,,"154",,
"155","150","Western Europe",,,"155",,
"202","002","Sub-Saharan Africa",,,"202",,
"005","419","South America",,,"005",,
"011","202","Western Africa",,,"011",,
"013","419","Central America",,,"013",,
"014","202","Eastern Africa",,,"014",,
"017","202","Middle Africa",,,"017",,
"018","202","Southern Africa",,,"018",,
"029","419","Caribbean",,,"029",,
"830","154","Channel Islands",,,"830",,
"334","053","Heard Island and McDonald Islands",,,"334",,
"732","015","Western Sahara",,,"732",,
"010","001","Antarctica",,,"010",,
"074","005","Bouvet Island",,,"074",,
"239","005","South Georgia and the South Sandwich Islands",,,"239",,
"260","014","French Southern Territories",,,"260",,
"680","830","Sark",,,"680",,
